card_id,card_name,cliente,tipo,assigned_members,story_point,effort,total_horas_executado,created_date,data_compromisso,due_date,start_refinado,start_dev,done_date,deploy_prd_date,lead_time_days,cycle_time_days,completion_type,effort_por_story_point
DEMO-1001,Demanda Demo 1,Realflex,FEATURE,Priscila,2,2.4,2.9,2026-03-15T00:00:00,2026-03-23T00:00:00,2026-03-29T00:00:00,2026-03-15T00:00:00,2026-03-17T00:00:00,2026-03-18T17:16:48,,3.72,1.72,internal_done,1.2
DEMO-1002,Demanda Demo 2,Realflex,DEBITO TECNICO,Priscila,5,8.5,8.8,2026-02-09T00:00:00,2026-02-16T00:00:00,2026-02-22T00:00:00,2026-02-09T00:00:00,2026-02-09T00:00:00,2026-02-12T07:55:12,2026-02-14T03:58:54.336199,3.33,3.33,client_done,1.7
DEMO-1003,Demanda Demo 3,Consigaz,FEATURE,Priscila,1,2.7,3.1,2026-03-04T00:00:00,2026-03-19T00:00:00,2026-03-22T00:00:00,2026-03-04T00:00:00,2026-03-05T00:00:00,2026-03-06T06:14:24,2026-03-06T17:36:02.341651,2.26,1.26,client_done,2.7
DEMO-1004,Demanda Demo 4,Realflex,DEBITO TECNICO,Priscila,1,1.5,1.4,2026-02-03T00:00:00,2026-02-13T00:00:00,2026-02-15T00:00:00,2026-02-03T00:00:00,2026-02-04T00:00:00,2026-02-04T13:40:48,2026-02-05T11:33:25.222479,1.57,0.57,client_done,1.5
DEMO-1005,Demanda Demo 5,Consigaz,FEATURE,Ricardo,2,3.9,4.5,2026-01-26T00:00:00,2026-02-10T00:00:00,2026-02-09T00:00:00,2026-01-27T00:00:00,2026-01-27T00:00:00,2026-01-28T15:07:12,2026-01-29T22:43:38.421069,1.63,1.63,client_done,1.95
DEMO-1006,Demanda Demo 6,Realflex,GERAL,Ricardo,5,6.1,5.0,2026-02-08T00:00:00,2026-02-24T00:00:00,2026-02-25T00:00:00,2026-02-08T00:00:00,2026-02-08T00:00:00,2026-02-10T18:57:36,2026-02-13T02:22:24.914485,2.79,2.79,client_done,1.22
DEMO-1007,Demanda Demo 7,4Network,BUG,Ricardo,8,11.7,11.1,2026-03-17T00:00:00,2026-03-28T00:00:00,2026-04-04T00:00:00,2026-03-19T00:00:00,2026-03-21T00:00:00,2026-03-25T01:55:12,2026-03-26T15:59:10.105022,6.08,4.08,client_done,1.4625
DEMO-1008,Demanda Demo 8,4Network,BUG,Priscila,1,1.1,0.9,2026-04-02T00:00:00,2026-04-14T00:00:00,2026-04-17T00:00:00,2026-04-05T00:00:00,2026-04-07T00:00:00,2026-04-07T20:38:24,2026-04-08T07:11:39.346385,2.86,0.86,client_done,1.1
DEMO-1009,Demanda Demo 9,Realflex,DEBITO TECNICO,Priscila,2,3.8,4.6,2026-02-17T00:00:00,2026-03-05T00:00:00,2026-03-04T00:00:00,2026-02-17T00:00:00,2026-02-18T00:00:00,2026-02-19T17:02:24,2026-02-20T23:11:44.178847,2.71,1.71,client_done,1.9
DEMO-1010,Demanda Demo 10,Realflex,BUG,Priscila,2,3.3,4.2,2026-01-30T00:00:00,2026-02-16T00:00:00,2026-02-06T00:00:00,2026-01-31T00:00:00,2026-02-01T00:00:00,2026-02-02T05:16:48,2026-02-04T04:44:26.052878,2.22,1.22,client_done,1.65
DEMO-1011,Demanda Demo 11,Realflex,BUG,Ricardo,2,2.7,3.6,2026-02-04T00:00:00,2026-02-10T00:00:00,2026-02-26T00:00:00,2026-02-04T00:00:00,2026-02-04T00:00:00,2026-02-05T11:02:24,2026-02-07T16:35:56.064617,1.46,1.46,client_done,1.35
DEMO-1012,Demanda Demo 12,4Network,FEATURE,Priscila,3,4.6,4.4,2026-02-28T00:00:00,2026-03-16T00:00:00,2026-03-16T00:00:00,2026-03-01T00:00:00,2026-03-03T00:00:00,2026-03-06T01:55:12,2026-03-08T00:59:52.808577,5.08,3.08,client_done,1.5333333333333332
DEMO-1013,Demanda Demo 13,Consigaz,BUG,Ricardo,3,3.4,3.1,2026-03-21T00:00:00,2026-04-05T00:00:00,2026-03-29T00:00:00,2026-03-22T00:00:00,2026-03-24T00:00:00,2026-03-25T15:36:00,,3.65,1.65,internal_done,1.1333333333333333
DEMO-1014,Demanda Demo 14,4Network,GERAL,Priscila,8,8.6,8.0,2026-02-01T00:00:00,2026-02-13T00:00:00,2026-02-15T00:00:00,2026-02-02T00:00:00,2026-02-04T00:00:00,2026-02-09T12:14:24,2026-02-11T20:50:06.546850,7.51,5.51,client_done,1.075
DEMO-1015,Demanda Demo 15,Consigaz,FEATURE,Ricardo,1,1.9,2.0,2026-01-11T00:00:00,2026-01-29T00:00:00,2026-01-21T00:00:00,2026-01-11T00:00:00,2026-01-11T00:00:00,2026-01-11T22:33:36,2026-01-13T03:01:06.253302,0.94,0.94,client_done,1.9
DEMO-1016,Demanda Demo 16,4Network,FEATURE,Priscila,3,4.3,4.1,2026-01-14T00:00:00,2026-01-27T00:00:00,2026-01-21T00:00:00,2026-01-17T00:00:00,2026-01-19T00:00:00,2026-01-20T17:45:36,2026-01-21T06:07:46.491057,3.74,1.74,client_done,1.4333333333333333
DEMO-1017,Demanda Demo 17,4Network,FEATURE,Priscila,3,3.6,3.7,2026-02-22T00:00:00,2026-03-06T00:00:00,2026-03-10T00:00:00,2026-02-22T00:00:00,2026-02-23T00:00:00,2026-02-24T07:55:12,2026-02-25T05:07:21.797297,2.33,1.33,client_done,1.2
DEMO-1018,Demanda Demo 18,Consigaz,FEATURE,Ricardo,2,3.9,4.4,2026-02-14T00:00:00,2026-03-04T00:00:00,2026-02-26T00:00:00,2026-02-14T00:00:00,2026-02-14T00:00:00,2026-02-15T12:57:36,2026-02-17T03:00:16.477155,1.54,1.54,client_done,1.95
DEMO-1019,Demanda Demo 19,4Network,GERAL,Priscila,1,1.1,1.4,2026-03-18T00:00:00,2026-03-29T00:00:00,2026-04-04T00:00:00,2026-03-19T00:00:00,2026-03-21T00:00:00,2026-03-21T18:43:12,2026-03-23T09:18:38.200704,2.78,0.78,client_done,1.1
DEMO-1020,Demanda Demo 20,Consigaz,DEBITO TECNICO,Priscila,3,3.8,3.3,2026-03-04T00:00:00,2026-03-18T00:00:00,2026-03-14T00:00:00,2026-03-06T00:00:00,2026-03-06T00:00:00,2026-03-08T09:50:24,2026-03-08T17:31:54.682045,2.41,2.41,client_done,1.2666666666666666
DEMO-1021,Demanda Demo 21,4Network,BUG,Priscila,2,2.7,2.3,2026-02-10T00:00:00,2026-02-24T00:00:00,2026-02-17T00:00:00,2026-02-11T00:00:00,2026-02-12T00:00:00,2026-02-13T00:00:00,2026-02-15T03:13:18.240978,2.0,1.0,client_done,1.35
DEMO-1022,Demanda Demo 22,Realflex,GERAL,Ricardo,2,3.8,3.6,2026-03-16T00:00:00,2026-03-26T00:00:00,2026-03-29T00:00:00,2026-03-17T00:00:00,2026-03-18T00:00:00,2026-03-19T16:33:36,,2.69,1.69,internal_done,1.9
DEMO-1023,Demanda Demo 23,Realflex,BUG,Ricardo,2,3.8,3.1,2026-02-09T00:00:00,2026-02-18T00:00:00,2026-02-21T00:00:00,2026-02-09T00:00:00,2026-02-09T00:00:00,2026-02-10T07:40:48,,1.32,1.32,internal_done,1.9
DEMO-1024,Demanda Demo 24,Realflex,DEBITO TECNICO,Ricardo,3,3.0,2.5,2026-01-24T00:00:00,2026-01-31T00:00:00,2026-02-01T00:00:00,2026-01-24T00:00:00,2026-01-25T00:00:00,2026-01-27T20:38:24,,3.86,2.86,internal_done,1.0
DEMO-1025,Demanda Demo 25,Consigaz,GERAL,Ricardo,5,9.3,12.0,2026-02-05T00:00:00,2026-02-16T00:00:00,2026-02-16T00:00:00,2026-02-05T00:00:00,2026-02-06T00:00:00,2026-02-08T12:43:12,2026-02-10T13:06:36.495255,3.53,2.53,client_done,1.86
DEMO-1026,Demanda Demo 26,4Network,GERAL,Priscila,8,15.1,12.3,2026-02-16T00:00:00,2026-02-25T00:00:00,2026-02-28T00:00:00,2026-02-19T00:00:00,2026-02-21T00:00:00,2026-02-26T17:02:24,2026-02-28T21:51:45.290514,7.71,5.71,client_done,1.8875
DEMO-1027,Demanda Demo 27,Realflex,BUG,Priscila,1,1.9,1.7,2026-02-18T00:00:00,2026-03-01T00:00:00,2026-03-07T00:00:00,2026-02-20T00:00:00,2026-02-20T00:00:00,2026-02-21T00:43:12,2026-02-21T19:41:25.307853,1.03,1.03,client_done,1.9
DEMO-1028,Demanda Demo 28,Consigaz,GERAL,Priscila,2,3.3,3.4,2026-03-14T00:00:00,2026-03-21T00:00:00,2026-03-29T00:00:00,2026-03-16T00:00:00,2026-03-16T00:00:00,2026-03-17T18:43:12,2026-03-18T08:00:36.160192,1.78,1.78,client_done,1.65
DEMO-1029,Demanda Demo 29,4Network,DEBITO TECNICO,Priscila,3,5.4,5.6,2026-01-19T00:00:00,2026-01-30T00:00:00,2026-01-26T00:00:00,2026-01-22T00:00:00,2026-01-24T00:00:00,2026-01-27T01:12:00,,5.05,3.05,internal_done,1.8
DEMO-1030,Demanda Demo 30,Realflex,BUG,Priscila,1,2.3,2.3,2026-01-20T00:00:00,2026-01-31T00:00:00,2026-02-05T00:00:00,2026-01-22T00:00:00,2026-01-24T00:00:00,2026-01-24T16:19:12,2026-01-25T15:51:00.828593,2.68,0.68,client_done,2.3
DEMO-1031,Demanda Demo 31,Realflex,FEATURE,Priscila,5,6.9,8.4,2026-03-18T00:00:00,2026-03-27T00:00:00,2026-03-31T00:00:00,2026-03-20T00:00:00,2026-03-21T00:00:00,2026-03-23T14:09:36,,3.59,2.59,internal_done,1.3800000000000001
DEMO-1032,Demanda Demo 32,Consigaz,BUG,Ricardo,3,3.6,3.8,2026-01-26T00:00:00,2026-02-05T00:00:00,2026-02-04T00:00:00,2026-01-26T00:00:00,2026-01-27T00:00:00,2026-01-29T09:21:36,2026-01-30T19:46:33.118045,3.39,2.39,client_done,1.2
DEMO-1033,Demanda Demo 33,4Network,FEATURE,Ricardo,2,2.0,1.9,2026-01-14T00:00:00,2026-01-30T00:00:00,2026-02-02T00:00:00,2026-01-17T00:00:00,2026-01-18T00:00:00,2026-01-19T10:48:00,2026-01-21T16:47:16.903672,2.45,1.45,client_done,1.0
DEMO-1034,Demanda Demo 34,Consigaz,FEATURE,Ricardo,5,5.0,6.1,2026-01-18T00:00:00,2026-01-31T00:00:00,2026-02-08T00:00:00,2026-01-21T00:00:00,2026-01-21T00:00:00,2026-01-25T14:52:48,2026-01-26T07:22:00.540459,4.62,4.62,client_done,1.0
DEMO-1035,Demanda Demo 35,4Network,GERAL,Priscila,2,2.3,2.4,2026-03-17T00:00:00,2026-03-30T00:00:00,2026-04-06T00:00:00,2026-03-19T00:00:00,2026-03-20T00:00:00,2026-03-21T07:55:12,2026-03-22T23:28:04.953511,2.33,1.33,client_done,1.15
DEMO-1036,Demanda Demo 36,Realflex,GERAL,Ricardo,5,7.4,7.0,2026-03-27T00:00:00,2026-04-08T00:00:00,2026-04-05T00:00:00,2026-03-29T00:00:00,2026-03-31T00:00:00,2026-04-02T14:52:48,,4.62,2.62,internal_done,1.48
DEMO-1037,Demanda Demo 37,Realflex,FEATURE,Ricardo,3,5.7,4.8,2026-02-23T00:00:00,2026-03-05T00:00:00,2026-03-16T00:00:00,2026-02-24T00:00:00,2026-02-26T00:00:00,2026-02-27T12:43:12,2026-02-28T07:13:00.162880,3.53,1.53,client_done,1.9000000000000001
DEMO-1038,Demanda Demo 38,Consigaz,FEATURE,Priscila,3,5.7,6.4,2026-03-19T00:00:00,2026-04-05T00:00:00,2026-04-07T00:00:00,2026-03-22T00:00:00,2026-03-23T00:00:00,2026-03-25T16:48:00,2026-03-26T00:18:40.727568,3.7,2.7,client_done,1.9000000000000001
DEMO-1039,Demanda Demo 39,Consigaz,BUG,Priscila,2,3.0,3.0,2026-02-25T00:00:00,2026-03-10T00:00:00,2026-03-04T00:00:00,2026-02-26T00:00:00,2026-02-27T00:00:00,2026-02-28T08:24:00,2026-03-02T16:09:06.471257,2.35,1.35,client_done,1.5
DEMO-1040,Demanda Demo 40,Consigaz,FEATURE,Priscila,3,5.6,5.0,2026-02-15T00:00:00,2026-02-26T00:00:00,2026-03-02T00:00:00,2026-02-16T00:00:00,2026-02-17T00:00:00,2026-02-18T18:14:24,2026-02-19T18:41:50.850592,2.76,1.76,client_done,1.8666666666666665
DEMO-1041,Demanda Demo 41,Consigaz,GERAL,Ricardo,3,5.2,4.3,2026-02-02T00:00:00,2026-02-10T00:00:00,2026-02-15T00:00:00,2026-02-02T00:00:00,2026-02-04T00:00:00,2026-02-06T17:16:48,,4.72,2.72,internal_done,1.7333333333333334
DEMO-1042,Demanda Demo 42,4Network,FEATURE,Priscila,3,3.3,4.4,2026-02-06T00:00:00,2026-02-22T00:00:00,2026-02-16T00:00:00,2026-02-08T00:00:00,2026-02-08T00:00:00,2026-02-10T04:48:00,2026-02-11T19:59:28.083002,2.2,2.2,client_done,1.0999999999999999
DEMO-1043,Demanda Demo 43,4Network,FEATURE,Ricardo,1,1.6,1.9,2026-02-24T00:00:00,2026-03-04T00:00:00,2026-03-06T00:00:00,2026-02-25T00:00:00,2026-02-25T00:00:00,2026-02-26T09:36:00,2026-02-28T00:03:45.961466,1.4,1.4,client_done,1.6
DEMO-1044,Demanda Demo 44,Realflex,GERAL,Ricardo,5,5.6,7.5,2026-02-18T00:00:00,2026-02-28T00:00:00,2026-02-25T00:00:00,2026-02-21T00:00:00,2026-02-23T00:00:00,2026-02-26T23:02:24,2026-02-28T01:48:22.112152,5.96,3.96,client_done,1.1199999999999999
DEMO-1045,Demanda Demo 45,Consigaz,FEATURE,Ricardo,13,21.6,27.1,2026-03-01T00:00:00,2026-03-15T00:00:00,2026-03-23T00:00:00,2026-03-02T00:00:00,2026-03-04T00:00:00,2026-03-13T12:43:12,2026-03-14T23:28:05.621658,11.53,9.53,client_done,1.6615384615384616
DEMO-1046,Demanda Demo 46,Consigaz,GERAL,Ricardo,5,6.6,6.2,2026-02-09T00:00:00,2026-02-24T00:00:00,2026-02-28T00:00:00,2026-02-12T00:00:00,2026-02-12T00:00:00,2026-02-16T08:09:36,2026-02-18T06:59:06.531650,4.34,4.34,client_done,1.3199999999999998
DEMO-1047,Demanda Demo 47,Consigaz,BUG,Priscila,3,4.5,4.5,2026-02-09T00:00:00,2026-02-15T00:00:00,2026-02-23T00:00:00,2026-02-11T00:00:00,2026-02-13T00:00:00,2026-02-14T12:57:36,2026-02-14T20:41:45.523833,3.54,1.54,client_done,1.5
DEMO-1048,Demanda Demo 48,Realflex,BUG,Ricardo,5,8.5,9.8,2026-01-07T00:00:00,2026-01-16T00:00:00,2026-01-25T00:00:00,2026-01-07T00:00:00,2026-01-08T00:00:00,2026-01-11T00:14:24,2026-01-11T19:08:25.043802,4.01,3.01,client_done,1.7
DEMO-1049,Demanda Demo 49,Consigaz,BUG,Ricardo,5,6.7,8.0,2026-02-06T00:00:00,2026-02-22T00:00:00,2026-02-18T00:00:00,2026-02-07T00:00:00,2026-02-07T00:00:00,2026-02-09T13:26:24,2026-02-11T10:43:25.725698,2.56,2.56,client_done,1.34
DEMO-1050,Demanda Demo 50,4Network,DEBITO TECNICO,Priscila,2,3.2,3.9,2026-01-17T00:00:00,2026-01-22T00:00:00,2026-01-28T00:00:00,2026-01-18T00:00:00,2026-01-19T00:00:00,2026-01-20T12:00:00,,2.5,1.5,internal_done,1.6
DEMO-1051,Demanda Demo 51,Consigaz,GERAL,Priscila,3,5.1,4.4,2026-03-08T00:00:00,2026-03-20T00:00:00,2026-03-25T00:00:00,2026-03-08T00:00:00,2026-03-08T00:00:00,2026-03-10T14:09:36,2026-03-12T03:40:14.126867,2.59,2.59,client_done,1.7
DEMO-1052,Demanda Demo 52,4Network,FEATURE,Priscila,8,8.9,7.4,2026-03-19T00:00:00,2026-03-28T00:00:00,2026-03-28T00:00:00,2026-03-19T00:00:00,2026-03-19T00:00:00,2026-03-24T14:38:24,2026-03-25T05:43:03.476857,5.61,5.61,client_done,1.1125
DEMO-1053,Demanda Demo 53,4Network,DEBITO TECNICO,Priscila,3,4.8,5.5,2026-02-22T00:00:00,2026-03-05T00:00:00,2026-03-10T00:00:00,2026-02-25T00:00:00,2026-02-26T00:00:00,2026-02-28T15:50:24,2026-03-01T14:44:24.883429,3.66,2.66,client_done,1.5999999999999999
DEMO-1054,Demanda Demo 54,Realflex,DEBITO TECNICO,Priscila,5,9.7,8.9,2026-03-30T00:00:00,2026-04-06T00:00:00,2026-04-06T00:00:00,2026-03-30T00:00:00,2026-03-30T00:00:00,2026-04-01T14:52:48,2026-04-02T10:44:41.572972,2.62,2.62,client_done,1.94
DEMO-1055,Demanda Demo 55,Consigaz,DEBITO TECNICO,Ricardo,3,3.1,3.0,2026-03-04T00:00:00,2026-03-21T00:00:00,2026-03-17T00:00:00,2026-03-04T00:00:00,2026-03-06T00:00:00,2026-03-07T17:31:12,2026-03-08T13:02:41.197075,3.73,1.73,client_done,1.0333333333333334
DEMO-1056,Demanda Demo 56,Consigaz,BUG,Priscila,5,9.5,11.9,2026-01-26T00:00:00,2026-02-04T00:00:00,2026-02-16T00:00:00,2026-01-28T00:00:00,2026-01-30T00:00:00,2026-02-01T03:36:00,2026-02-03T02:20:41.883811,4.15,2.15,client_done,1.9
DEMO-1057,Demanda Demo 57,4Network,DEBITO TECNICO,Ricardo,5,9.7,10.4,2026-01-15T00:00:00,2026-01-20T00:00:00,2026-01-24T00:00:00,2026-01-15T00:00:00,2026-01-16T00:00:00,2026-01-19T11:02:24,2026-01-21T09:01:24.208138,4.46,3.46,client_done,1.94
DEMO-1058,Demanda Demo 58,4Network,GERAL,Priscila,5,6.3,5.2,2026-03-06T00:00:00,2026-03-21T00:00:00,2026-03-28T00:00:00,2026-03-09T00:00:00,2026-03-10T00:00:00,2026-03-13T21:21:36,2026-03-14T14:08:33.457104,4.89,3.89,client_done,1.26
DEMO-1059,Demanda Demo 59,4Network,FEATURE,Ricardo,3,5.0,6.4,2026-04-03T00:00:00,2026-04-20T00:00:00,2026-04-11T00:00:00,2026-04-06T00:00:00,2026-04-07T00:00:00,2026-04-08T21:50:24,2026-04-10T16:01:27.878711,2.91,1.91,client_done,1.6666666666666667
DEMO-1060,Demanda Demo 60,Consigaz,FEATURE,Priscila,3,5.9,6.0,2026-01-05T00:00:00,2026-01-19T00:00:00,2026-01-27T00:00:00,2026-01-08T00:00:00,2026-01-09T00:00:00,2026-01-11T07:26:24,2026-01-11T17:30:07.112548,3.31,2.31,client_done,1.9666666666666668
DEMO-1061,Demanda Demo 61,Realflex,GERAL,Ricardo,2,3.1,4.1,2026-04-04T00:00:00,2026-04-21T00:00:00,2026-04-18T00:00:00,2026-04-07T00:00:00,2026-04-07T00:00:00,2026-04-08T05:45:36,2026-04-08T14:29:03.503619,1.24,1.24,client_done,1.55
DEMO-1062,Demanda Demo 62,Realflex,FEATURE,Priscila,1,1.8,1.7,2026-01-19T00:00:00,2026-02-04T00:00:00,2026-02-04T00:00:00,2026-01-22T00:00:00,2026-01-22T00:00:00,2026-01-23T06:57:36,,1.29,1.29,internal_done,1.8
DEMO-1063,Demanda Demo 63,Realflex,BUG,Ricardo,3,4.4,4.6,2026-01-29T00:00:00,2026-02-09T00:00:00,2026-02-15T00:00:00,2026-01-30T00:00:00,2026-01-30T00:00:00,2026-01-31T09:21:36,2026-02-01T07:08:45.106328,1.39,1.39,client_done,1.4666666666666668
DEMO-1064,Demanda Demo 64,Realflex,GERAL,Ricardo,2,2.6,2.9,2026-03-08T00:00:00,2026-03-21T00:00:00,2026-03-27T00:00:00,2026-03-09T00:00:00,2026-03-10T00:00:00,2026-03-11T19:12:00,2026-03-13T06:50:13.396210,2.8,1.8,client_done,1.3
DEMO-1065,Demanda Demo 65,Consigaz,GERAL,Ricardo,13,16.9,17.1,2026-02-26T00:00:00,2026-03-15T00:00:00,2026-03-17T00:00:00,2026-02-26T00:00:00,2026-02-27T00:00:00,2026-03-07T20:24:00,2026-03-09T18:55:13.555210,9.85,8.85,client_done,1.2999999999999998
DEMO-1066,Demanda Demo 66,Consigaz,BUG,Priscila,1,2.0,2.2,2026-03-02T00:00:00,2026-03-09T00:00:00,2026-03-22T00:00:00,2026-03-02T00:00:00,2026-03-04T00:00:00,2026-03-05T00:00:00,,3.0,1.0,internal_done,2.0
DEMO-1067,Demanda Demo 67,Realflex,FEATURE,Priscila,5,6.3,7.2,2026-01-15T00:00:00,2026-01-25T00:00:00,2026-02-06T00:00:00,2026-01-17T00:00:00,2026-01-19T00:00:00,2026-01-22T08:24:00,2026-01-24T12:58:23.762367,5.35,3.35,client_done,1.26
DEMO-1068,Demanda Demo 68,Realflex,DEBITO TECNICO,Priscila,2,3.4,3.3,2026-01-16T00:00:00,2026-01-22T00:00:00,2026-02-06T00:00:00,2026-01-19T00:00:00,2026-01-19T00:00:00,2026-01-20T01:40:48,2026-01-22T01:01:39.071244,1.07,1.07,client_done,1.7
DEMO-1069,Demanda Demo 69,4Network,GERAL,Ricardo,1,2.6,2.5,2026-01-23T00:00:00,2026-01-30T00:00:00,2026-02-04T00:00:00,2026-01-24T00:00:00,2026-01-26T00:00:00,2026-01-26T18:14:24,2026-01-27T23:11:46.796445,2.76,0.76,client_done,2.6
DEMO-1070,Demanda Demo 70,4Network,DEBITO TECNICO,Priscila,3,5.0,5.4,2026-02-03T00:00:00,2026-02-08T00:00:00,2026-02-24T00:00:00,2026-02-06T00:00:00,2026-02-08T00:00:00,2026-02-10T07:12:00,2026-02-11T03:48:36.012676,4.3,2.3,client_done,1.6666666666666667
DEMO-1071,Demanda Demo 71,Consigaz,FEATURE,Priscila,8,15.9,15.3,2026-04-03T00:00:00,2026-04-14T00:00:00,2026-04-25T00:00:00,2026-04-05T00:00:00,2026-04-06T00:00:00,2026-04-13T15:21:36,,8.64,7.64,internal_done,1.9875
DEMO-1072,Demanda Demo 72,4Network,BUG,Priscila,3,3.9,4.6,2026-03-30T00:00:00,2026-04-16T00:00:00,2026-04-07T00:00:00,2026-04-02T00:00:00,2026-04-03T00:00:00,2026-04-04T05:31:12,2026-04-04T13:08:51.261332,2.23,1.23,client_done,1.3
DEMO-1073,Demanda Demo 73,Realflex,GERAL,Ricardo,8,14.2,13.2,2026-02-02T00:00:00,2026-02-19T00:00:00,2026-02-13T00:00:00,2026-02-03T00:00:00,2026-02-05T00:00:00,2026-02-10T21:50:24,2026-02-11T18:16:23.142152,7.91,5.91,client_done,1.775
DEMO-1074,Demanda Demo 74,Realflex,GERAL,Priscila,5,6.5,6.8,2026-01-21T00:00:00,2026-01-29T00:00:00,2026-02-01T00:00:00,2026-01-21T00:00:00,2026-01-22T00:00:00,2026-01-25T10:48:00,2026-01-26T11:15:02.771416,4.45,3.45,client_done,1.3
DEMO-1075,Demanda Demo 75,Realflex,BUG,Ricardo,8,14.6,13.7,2026-03-07T00:00:00,2026-03-19T00:00:00,2026-03-16T00:00:00,2026-03-09T00:00:00,2026-03-11T00:00:00,2026-03-16T10:33:36,2026-03-18T15:43:01.054029,7.44,5.44,client_done,1.825
DEMO-1076,Demanda Demo 76,4Network,GERAL,Priscila,5,9.9,13.2,2026-02-20T00:00:00,2026-03-04T00:00:00,2026-03-10T00:00:00,2026-02-20T00:00:00,2026-02-21T00:00:00,2026-02-25T00:14:24,2026-02-25T08:10:29.657962,5.01,4.01,client_done,1.98
DEMO-1077,Demanda Demo 77,Realflex,DEBITO TECNICO,Ricardo,8,15.5,13.3,2026-01-08T00:00:00,2026-01-26T00:00:00,2026-01-29T00:00:00,2026-01-10T00:00:00,2026-01-12T00:00:00,2026-01-16T08:24:00,,6.35,4.35,internal_done,1.9375
DEMO-1078,Demanda Demo 78,Realflex,DEBITO TECNICO,Ricardo,2,2.1,1.7,2026-01-19T00:00:00,2026-01-31T00:00:00,2026-02-06T00:00:00,2026-01-19T00:00:00,2026-01-19T00:00:00,2026-01-20T23:31:12,,1.98,1.98,internal_done,1.05
DEMO-1079,Demanda Demo 79,Realflex,DEBITO TECNICO,Ricardo,5,9.4,10.9,2026-03-24T00:00:00,2026-04-05T00:00:00,2026-04-14T00:00:00,2026-03-27T00:00:00,2026-03-28T00:00:00,2026-04-01T11:02:24,2026-04-01T19:58:02.711805,5.46,4.46,client_done,1.8800000000000001
DEMO-1080,Demanda Demo 80,4Network,FEATURE,Ricardo,5,7.7,10.3,2026-02-24T00:00:00,2026-03-14T00:00:00,2026-03-17T00:00:00,2026-02-26T00:00:00,2026-02-26T00:00:00,2026-03-01T05:16:48,2026-03-03T15:36:04.762978,3.22,3.22,client_done,1.54
DEMO-1081,Demanda Demo 81,4Network,DEBITO TECNICO,Priscila,5,5.1,6.3,2026-01-21T00:00:00,2026-02-04T00:00:00,2026-02-03T00:00:00,2026-01-22T00:00:00,2026-01-22T00:00:00,2026-01-24T17:16:48,2026-01-26T20:17:39.774498,2.72,2.72,client_done,1.02
DEMO-1082,Demanda Demo 82,4Network,GERAL,Ricardo,5,8.0,7.6,2026-01-21T00:00:00,2026-01-28T00:00:00,2026-01-28T00:00:00,2026-01-23T00:00:00,2026-01-23T00:00:00,2026-01-27T11:02:24,2026-01-28T00:02:38.800207,4.46,4.46,client_done,1.6
DEMO-1083,Demanda Demo 83,Consigaz,DEBITO TECNICO,Priscila,1,1.5,1.3,2026-01-19T00:00:00,2026-02-02T00:00:00,2026-01-29T00:00:00,2026-01-19T00:00:00,2026-01-20T00:00:00,2026-01-20T20:24:00,2026-01-22T03:16:08.152728,1.85,0.85,client_done,1.5
DEMO-1084,Demanda Demo 84,Consigaz,GERAL,Priscila,1,2.6,3.3,2026-03-04T00:00:00,2026-03-15T00:00:00,2026-03-14T00:00:00,2026-03-04T00:00:00,2026-03-04T00:00:00,2026-03-04T20:52:48,2026-03-07T08:48:19.370407,0.87,0.87,client_done,2.6
DEMO-1085,Demanda Demo 85,Consigaz,FEATURE,Ricardo,1,2.2,1.8,2026-03-27T00:00:00,2026-04-08T00:00:00,2026-04-16T00:00:00,2026-03-29T00:00:00,2026-03-30T00:00:00,2026-03-30T18:14:24,2026-04-02T05:57:22.843834,1.76,0.76,client_done,2.2
DEMO-1086,Demanda Demo 86,4Network,GERAL,Priscila,5,8.8,10.5,2026-03-03T00:00:00,2026-03-14T00:00:00,2026-03-13T00:00:00,2026-03-04T00:00:00,2026-03-05T00:00:00,2026-03-07T12:57:36,2026-03-08T14:03:20.122108,3.54,2.54,client_done,1.7600000000000002
DEMO-1087,Demanda Demo 87,Consigaz,FEATURE,Ricardo,2,3.9,4.6,2026-01-16T00:00:00,2026-01-26T00:00:00,2026-01-27T00:00:00,2026-01-16T00:00:00,2026-01-16T00:00:00,2026-01-17T10:48:00,2026-01-18T16:48:11.088646,1.45,1.45,client_done,1.95
DEMO-1088,Demanda Demo 88,Realflex,DEBITO TECNICO,Priscila,3,4.0,3.5,2026-03-31T00:00:00,2026-04-09T00:00:00,2026-04-18T00:00:00,2026-04-03T00:00:00,2026-04-05T00:00:00,2026-04-06T20:38:24,2026-04-07T06:33:22.870881,3.86,1.86,client_done,1.3333333333333333
DEMO-1089,Demanda Demo 89,4Network,FEATURE,Priscila,3,5.5,5.5,2026-01-19T00:00:00,2026-02-01T00:00:00,2026-01-26T00:00:00,2026-01-21T00:00:00,2026-01-23T00:00:00,2026-01-25T09:36:00,2026-01-26T04:44:28.320650,4.4,2.4,client_done,1.8333333333333333
DEMO-1090,Demanda Demo 90,Realflex,FEATURE,Ricardo,2,3.5,4.6,2026-01-28T00:00:00,2026-02-13T00:00:00,2026-02-04T00:00:00,2026-01-29T00:00:00,2026-01-31T00:00:00,2026-02-01T06:43:12,,3.28,1.28,internal_done,1.75
DEMO-2001,Backlog Demo 1,4Network,FEATURE,Priscila,3,3.5,,2026-04-10T00:00:00,2026-04-18T00:00:00,2026-04-21T00:00:00,2026-04-12T00:00:00,2026-04-14T00:00:00,,,,,open,1.1666666666666667
DEMO-2002,Backlog Demo 2,4Network,DEBITO TECNICO,Priscila,1,1.2,,2026-04-15T00:00:00,2026-04-26T00:00:00,2026-05-01T00:00:00,2026-04-17T00:00:00,2026-04-18T00:00:00,,,,,open,1.2
DEMO-2003,Backlog Demo 3,Realflex,FEATURE,Priscila,2,3.4,,2026-04-19T00:00:00,2026-05-02T00:00:00,2026-04-30T00:00:00,2026-04-20T00:00:00,2026-04-20T00:00:00,,,,,open,1.7
DEMO-2004,Backlog Demo 4,4Network,FEATURE,Priscila,2,2.3,,2026-04-09T00:00:00,2026-04-27T00:00:00,2026-05-02T00:00:00,2026-04-10T00:00:00,,,,,,open,1.15
DEMO-2005,Backlog Demo 5,4Network,FEATURE,Priscila,5,7.5,,2026-04-12T00:00:00,2026-04-19T00:00:00,2026-05-06T00:00:00,2026-04-12T00:00:00,2026-04-13T00:00:00,,,,,open,1.5
DEMO-2006,Backlog Demo 6,4Network,BUG,Ricardo,3,5.1,,2026-04-14T00:00:00,2026-04-21T00:00:00,2026-05-04T00:00:00,,,,,,,open,1.7
DEMO-2007,Backlog Demo 7,4Network,GERAL,Ricardo,8,8.7,,2026-04-04T00:00:00,2026-04-17T00:00:00,2026-04-23T00:00:00,2026-04-04T00:00:00,2026-04-04T00:00:00,,,,,open,1.0875
DEMO-2008,Backlog Demo 8,Realflex,FEATURE,Ricardo,5,5.4,,2026-04-04T00:00:00,2026-04-16T00:00:00,2026-04-18T00:00:00,2026-04-06T00:00:00,2026-04-07T00:00:00,,,,,open,1.08
DEMO-2009,Backlog Demo 9,4Network,FEATURE,Priscila,2,3.2,,2026-04-03T00:00:00,2026-04-22T00:00:00,2026-04-27T00:00:00,2026-04-03T00:00:00,2026-04-04T00:00:00,,,,,open,1.6
DEMO-2010,Backlog Demo 10,Realflex,GERAL,Ricardo,5,5.8,,2026-04-03T00:00:00,2026-04-19T00:00:00,2026-04-14T00:00:00,2026-04-04T00:00:00,2026-04-05T00:00:00,,,,,open,1.16
DEMO-2011,Backlog Demo 11,Consigaz,FEATURE,Priscila,3,3.2,,2026-04-10T00:00:00,2026-04-26T00:00:00,2026-05-02T00:00:00,2026-04-10T00:00:00,2026-04-10T00:00:00,,,,,open,1.0666666666666667
DEMO-2012,Backlog Demo 12,Consigaz,BUG,Priscila,8,13.2,,2026-04-11T00:00:00,2026-04-18T00:00:00,2026-05-05T00:00:00,2026-04-13T00:00:00,,,,,,open,1.65
DEMO-2013,Backlog Demo 13,4Network,GERAL,Ricardo,1,2.3,,2026-04-02T00:00:00,2026-04-17T00:00:00,2026-04-17T00:00:00,2026-04-02T00:00:00,2026-04-04T00:00:00,,,,,open,2.3
DEMO-2014,Backlog Demo 14,Consigaz,GERAL,Ricardo,3,5.3,,2026-04-02T00:00:00,2026-04-10T00:00:00,2026-04-24T00:00:00,2026-04-04T00:00:00,,,,,,open,1.7666666666666666
DEMO-2015,Backlog Demo 15,Consigaz,DEBITO TECNICO,Ricardo,5,9.5,,2026-04-05T00:00:00,2026-04-22T00:00:00,2026-04-19T00:00:00,,,,,,,open,1.9
DEMO-2016,Backlog Demo 16,Consigaz,GERAL,Ricardo,5,7.0,,2026-04-03T00:00:00,2026-04-23T00:00:00,2026-04-17T00:00:00,2026-04-04T00:00:00,2026-04-05T00:00:00,,,,,open,1.4
DEMO-2017,Backlog Demo 17,Realflex,DEBITO TECNICO,Priscila,3,4.1,,2026-04-12T00:00:00,2026-05-01T00:00:00,2026-05-07T00:00:00,2026-04-13T00:00:00,,,,,,open,1.3666666666666665
DEMO-2018,Backlog Demo 18,4Network,GERAL,Priscila,2,2.6,,2026-04-04T00:00:00,2026-04-11T00:00:00,2026-04-24T00:00:00,2026-04-06T00:00:00,2026-04-08T00:00:00,,,,,open,1.3
DEMO-2019,Backlog Demo 19,Realflex,DEBITO TECNICO,Priscila,2,2.4,,2026-04-06T00:00:00,2026-04-24T00:00:00,2026-04-23T00:00:00,2026-04-08T00:00:00,2026-04-10T00:00:00,,,,,open,1.2
DEMO-2020,Backlog Demo 20,Consigaz,DEBITO TECNICO,Ricardo,5,6.2,,2026-04-08T00:00:00,2026-04-20T00:00:00,2026-05-02T00:00:00,2026-04-09T00:00:00,2026-04-09T00:00:00,,,,,open,1.24
DEMO-2021,Backlog Demo 21,Consigaz,GERAL,Ricardo,3,4.3,,2026-04-06T00:00:00,2026-04-17T00:00:00,2026-04-17T00:00:00,2026-04-06T00:00:00,,,,,,open,1.4333333333333333
DEMO-2022,Backlog Demo 22,Realflex,GERAL,Ricardo,3,3.3,,2026-04-17T00:00:00,2026-05-01T00:00:00,2026-05-01T00:00:00,2026-04-17T00:00:00,2026-04-18T00:00:00,,,,,open,1.0999999999999999
DEMO-2023,Backlog Demo 23,Consigaz,GERAL,Priscila,2,2.9,,2026-04-12T00:00:00,2026-04-22T00:00:00,2026-05-04T00:00:00,2026-04-12T00:00:00,2026-04-13T00:00:00,,,,,open,1.45
DEMO-2024,Backlog Demo 24,4Network,FEATURE,Ricardo,3,3.3,,2026-04-11T00:00:00,2026-04-22T00:00:00,2026-05-06T00:00:00,,,,,,,open,1.0999999999999999
DEMO-2025,Backlog Demo 25,Realflex,DEBITO TECNICO,Priscila,3,4.8,,2026-04-03T00:00:00,2026-04-21T00:00:00,2026-04-26T00:00:00,2026-04-03T00:00:00,2026-04-05T00:00:00,,,,,open,1.5999999999999999
DEMO-2026,Backlog Demo 26,4Network,FEATURE,Ricardo,2,2.5,,2026-04-15T00:00:00,2026-04-29T00:00:00,2026-04-25T00:00:00,,,,,,,open,1.25
DEMO-2027,Backlog Demo 27,Realflex,DEBITO TECNICO,Priscila,2,2.0,,2026-04-12T00:00:00,2026-04-29T00:00:00,2026-04-24T00:00:00,2026-04-12T00:00:00,,,,,,open,1.0
DEMO-2028,Backlog Demo 28,Realflex,FEATURE,Ricardo,3,4.5,,2026-04-17T00:00:00,2026-05-07T00:00:00,2026-05-12T00:00:00,,,,,,,open,1.5
DEMO-2029,Backlog Demo 29,4Network,GERAL,Ricardo,2,2.0,,2026-04-03T00:00:00,2026-04-22T00:00:00,2026-04-23T00:00:00,2026-04-04T00:00:00,2026-04-04T00:00:00,,,,,open,1.0
DEMO-2030,Backlog Demo 30,4Network,FEATURE,Priscila,3,4.9,,2026-04-15T00:00:00,2026-04-24T00:00:00,2026-04-27T00:00:00,2026-04-17T00:00:00,,,,,,open,1.6333333333333335
DEMO-2031,Backlog Demo 31,Realflex,FEATURE,Ricardo,2,3.6,,2026-04-02T00:00:00,2026-04-16T00:00:00,2026-04-20T00:00:00,2026-04-03T00:00:00,2026-04-05T00:00:00,,,,,open,1.8
DEMO-2032,Backlog Demo 32,4Network,FEATURE,Priscila,8,8.4,,2026-04-11T00:00:00,2026-04-23T00:00:00,2026-05-04T00:00:00,,,,,,,open,1.05
DEMO-2033,Backlog Demo 33,Consigaz,GERAL,Ricardo,3,5.9,,2026-04-16T00:00:00,2026-04-27T00:00:00,2026-04-28T00:00:00,2026-04-18T00:00:00,2026-04-20T00:00:00,,,,,open,1.9666666666666668
DEMO-2034,Backlog Demo 34,Realflex,FEATURE,Ricardo,5,9.1,,2026-04-18T00:00:00,2026-05-05T00:00:00,2026-05-07T00:00:00,2026-04-19T00:00:00,,,,,,open,1.8199999999999998
DEMO-2035,Backlog Demo 35,Consigaz,DEBITO TECNICO,Ricardo,3,5.1,,2026-04-12T00:00:00,2026-05-02T00:00:00,2026-05-03T00:00:00,,,,,,,open,1.7
DEMO-2036,Backlog Demo 36,Realflex,FEATURE,Ricardo,13,25.4,,2026-04-03T00:00:00,2026-04-20T00:00:00,2026-04-18T00:00:00,2026-04-05T00:00:00,2026-04-07T00:00:00,,,,,open,1.9538461538461538
DEMO-2037,Backlog Demo 37,4Network,GERAL,Priscila,5,7.2,,2026-04-05T00:00:00,2026-04-18T00:00:00,2026-04-16T00:00:00,2026-04-05T00:00:00,2026-04-06T00:00:00,,,,,open,1.44
DEMO-2038,Backlog Demo 38,Realflex,DEBITO TECNICO,Priscila,8,11.0,,2026-04-03T00:00:00,2026-04-15T00:00:00,2026-04-25T00:00:00,,,,,,,open,1.375
DEMO-2039,Backlog Demo 39,Consigaz,FEATURE,Ricardo,2,3.5,,2026-04-16T00:00:00,2026-05-05T00:00:00,2026-05-04T00:00:00,2026-04-18T00:00:00,2026-04-19T00:00:00,,,,,open,1.75
DEMO-2040,Backlog Demo 40,Realflex,FEATURE,Ricardo,5,8.5,,2026-04-16T00:00:00,2026-05-06T00:00:00,2026-04-28T00:00:00,,,,,,,open,1.7
